﻿<?xml version="1.0" encoding="utf-8" ?>
<c2eventsheet>
    <!--All the 'name' attributes are ignored by Construct 2 - they are there for readability only.-->
    <name>Event sheet 1</name>
    <events>
        <variable constant="0" name="num" sid="886406440113906" static="0" type="number">0</variable>
        <event-block disabled="1" sid="823422829832881">
            <conditions>
                <condition id="6" name="On object clicked" sid="529892457196861" type="Mouse">
                    <param id="0" name="Mouse button">0</param>
                    <param id="1" name="Click type">0</param>
                    <param id="2" name="Object clicked">3F3F3F3F3F3F3F</param>
                </condition>
            </conditions>
            <actions>
                <action id="-10" name="Add to" sid="881406262753689" type="System">
                    <param id="0" name="Variable">num</param>
                    <param id="1" name="Value">1</param>
                </action>
                <action id="0" name="Set text" sid="334990800344011" type="Text">
                    <param id="0" name="Text">num</param>
                </action>
            </actions>
        </event-block>
        <event-block sid="978278978546090">
            <conditions>
                <condition id="6" name="On object clicked" sid="169807056283020" type="Mouse">
                    <param id="0" name="Mouse button">0</param>
                    <param id="1" name="Click type">0</param>
                    <param id="2" name="Object clicked">2550f6d5143f87744011918374c09adc</param>
                </condition>
            </conditions>
            <actions>
                <action id="-10" name="Add to" sid="769309812397262" type="System">
                    <param id="0" name="Variable">num</param>
                    <param id="1" name="Value">1</param>
                </action>
                <action id="0" name="Set text" sid="422424405543876" type="Text">
                    <param id="0" name="Text">num</param>
                </action>
            </actions>
        </event-block>
        <event-block sid="603337879926865">
            <conditions>
                <condition id="-1" name="Every tick" sid="196557167901387" type="System" />
            </conditions>
            <actions />
        </event-block>
        <event-block sid="448863477890468">
            <conditions>
                <condition id="2" name="Mouse button is down" sid="982770592610419" type="Mouse">
                    <param id="0" name="Mouse button">0</param>
                </condition>
            </conditions>
            <actions>
                <action id="-16" name="Wait" sid="691178520749234" type="System">
                    <param id="0" name="Seconds">0.5</param>
                </action>
                <action id="4" name="Set animation" sid="790457432013005" type="3F3F3F3F3F3F3F">
                    <param id="0" name="Animation">&quot;lopata&quot;</param>
                    <param id="1" name="From">1</param>
                </action>
            </actions>
        </event-block>
        <event-block sid="453300939961911">
            <conditions>
                <condition id="3" name="On button released" sid="536993551225182" type="Mouse">
                    <param id="0" name="Mouse button">0</param>
                </condition>
            </conditions>
            <actions>
                <action id="-16" name="Wait" sid="225704127301615" type="System">
                    <param id="0" name="Seconds">1</param>
                </action>
                <action id="4" name="Set animation" sid="630305080719574" type="3F3F3F3F3F3F3F">
                    <param id="0" name="Animation">&quot;Default&quot;</param>
                    <param id="1" name="From">1</param>
                </action>
            </actions>
        </event-block>
        <event-block sid="646547571587019">
            <conditions>
                <condition id="6" name="On object clicked" sid="653184571094022" type="Mouse">
                    <param id="0" name="Mouse button">1</param>
                    <param id="1" name="Click type">0</param>
                    <param id="2" name="Object clicked">3F3F3F3F3F3F3F</param>
                </condition>
            </conditions>
            <actions>
                <action id="0" name="Set text" sid="594203188565026" type="Text">
                    <param id="0" name="Text">&quot;Привет! Будешь ПоМиДоРы?!?!?!?!?!?::)::))::):)):&quot;</param>
                </action>
            </actions>
        </event-block>
    </events>
</c2eventsheet>
