﻿<?xml version="1.0" encoding="utf-8" ?>
<c2eventsheet>
    <!--All the 'name' attributes are ignored by Construct 2 - they are there for readability only.-->
    <name>Event sheet 1</name>
    <events>
        <variable constant="0" name="wait" sid="311804754685871" static="0" type="number">2</variable>
        <variable constant="0" name="speed_kopatich" sid="123748682699850" static="0" type="number">1.5</variable>
        <variable constant="0" name="speed_tikva" sid="732494127896211" static="0" type="number">2</variable>
        <event-block sid="298712292243863">
            <conditions>
                <condition id="-6" name="Every X seconds" sid="778424785169153" type="System">
                    <param id="0" name="Interval (seconds)">wait</param>
                </condition>
            </conditions>
            <actions>
                <action id="-16" name="Wait" sid="648022039970574" type="System">
                    <param id="0" name="Seconds">choose(1, 2, 3, 4)</param>
                </action>
                <action id="-3" name="Create object" sid="567222808478192" type="System">
                    <param id="0" name="Object to create">p_O</param>
                    <param id="1" name="Layer">0</param>
                    <param id="2" name="X">853</param>
                    <param id="3" name="Y">442</param>
                </action>
            </actions>
        </event-block>
        <event-block sid="249495270918330">
            <conditions>
                <condition id="-1" name="Every tick" sid="166987502147565" type="System" />
            </conditions>
            <actions>
                <action id="-1" name="Set X" sid="439429778202699" type="p_O">
                    <param id="0" name="X">p_O.X-speed_tikva</param>
                </action>
                <action disabled="1" id="-1" name="Set X" sid="753742828508483" type="3f3f3f3f3f3f3fsheet">
                    <param id="0" name="X">3f3f3f3f3f3f3fsheet.X+speed_kopatich</param>
                </action>
            </actions>
        </event-block>
        <event-block sid="417309787465307">
            <conditions>
                <condition id="0" name="On collision with another object" sid="301132267835374" type="3f3f3f3f3f3f3fsheet">
                    <param id="0" name="Object">p_O</param>
                </condition>
            </conditions>
            <actions>
                <action id="-7" name="Set size" sid="290277280243981" type="3f3f3f3f3f3f3fsheet">
                    <param id="0" name="Width">3f3f3f3f3f3f3fsheet.Width/2</param>
                    <param id="1" name="Height">3f3f3f3f3f3f3fsheet.Height</param>
                </action>
                <action id="-15" name="Set visible" sid="126902627344689" type="Sprite">
                    <param id="0" name="Visibility">1</param>
                </action>
                <action id="-9" name="Set value" sid="489683378683004" type="System">
                    <param id="0" name="Variable">wait</param>
                    <param id="1" name="Value">5</param>
                </action>
                <action id="-9" name="Set value" sid="116697870269727" type="System">
                    <param id="0" name="Variable">speed_tikva</param>
                    <param id="1" name="Value">0</param>
                </action>
                <action id="-16" name="Wait" sid="698863577941442" type="System">
                    <param id="0" name="Seconds">2</param>
                </action>
                <action id="9" name="Reload" sid="222201864123638" type="Browser" />
            </actions>
        </event-block>
        <event-block sid="126641341258576">
            <conditions>
                <condition id="-2" name="On start of layout" sid="493222623044609" type="System" />
            </conditions>
            <actions>
                <action id="-15" name="Set visible" sid="349822576017444" type="Sprite">
                    <param id="0" name="Visibility">0</param>
                </action>
            </actions>
        </event-block>
        <event-block disabled="1" sid="638465415581601">
            <conditions>
                <condition id="0" name="On key pressed" sid="944629811931408" type="Keyboard">
                    <param id="0" name="Key">32 (Space)</param>
                </condition>
            </conditions>
            <actions>
                <action id="-2" name="Set Y" sid="156284100338145" type="3f3f3f3f3f3f3fsheet">
                    <param id="0" name="Y">3f3f3f3f3f3f3fsheet.Y-3f3f3f3f3f3f3fsheet.Height</param>
                </action>
                <action id="-16" name="Wait" sid="309664193336781" type="System">
                    <param id="0" name="Seconds">1</param>
                </action>
                <action id="-2" name="Set Y" sid="688446139861243" type="3f3f3f3f3f3f3fsheet">
                    <param id="0" name="Y">3f3f3f3f3f3f3fsheet.Y+3f3f3f3f3f3f3fsheet.Height</param>
                </action>
            </actions>
        </event-block>
        <event-block disabled="1" sid="472072887498648">
            <conditions>
                <condition id="1" name="On any click" sid="374578989025492" type="Mouse" />
            </conditions>
            <actions>
                <action id="-2" name="Set Y" sid="890196392412627" type="3f3f3f3f3f3f3fsheet">
                    <param id="0" name="Y">3f3f3f3f3f3f3fsheet.Y-3f3f3f3f3f3f3fsheet.Height</param>
                </action>
                <action id="-16" name="Wait" sid="917392957209356" type="System">
                    <param id="0" name="Seconds">1</param>
                </action>
                <action id="-2" name="Set Y" sid="469590022661117" type="3f3f3f3f3f3f3fsheet">
                    <param id="0" name="Y">3f3f3f3f3f3f3fsheet.Y+3f3f3f3f3f3f3fsheet.Height</param>
                </action>
            </actions>
        </event-block>
        <event-block sid="920530021354567">
            <conditions>
                <condition id="0" name="On key pressed" sid="247807271157632" type="Keyboard">
                    <param id="0" name="Key">32 (Space)</param>
                </condition>
            </conditions>
            <actions>
                <action behavior="Platform" id="7" name="Simulate control" sid="471262746961230" type="3f3f3f3f3f3f3fsheet">
                    <param id="0" name="Control">2</param>
                </action>
            </actions>
        </event-block>
    </events>
</c2eventsheet>
